"","SiteId","SiteName","MonitorDate","AQI","SO2SubIndex","COSubIndex","O3SubIndex","PM10SubIndex","NO2SubIndex","O38SubIndex","PM25SubIndex"
"1",35,"二林","2016-12-18",113,3,8,NA,73,23,67,113
"2",35,"二林","2016-12-19",115,5,6,NA,66,30,51,115
"3",35,"二林","2016-12-20",77,7,6,NA,63,24,43,77
"4",35,"二林","2016-12-21",97,9,3,NA,78,15,44,97
"5",35,"二林","2016-12-22",46,10,6,NA,46,18,25,42
"6",35,"二林","2016-12-23",85,10,7,NA,71,21,46,85
"7",35,"二林","2016-12-24",73,19,7,NA,67,25,49,73
"8",35,"二林","2016-12-25",89,10,8,NA,71,21,61,89
"9",35,"二林","2016-12-26",80,7,3,NA,66,14,42,80
"10",35,"二林","2016-12-27",92,7,6,NA,92,13,27,50
"11",35,"二林","2016-12-28",32,4,3,NA,32,19,31,20
"12",35,"二林","2016-12-29",38,4,2,NA,38,14,34,24
"13",35,"二林","2016-12-30",53,19,6,NA,52,27,38,53
"14",35,"二林","2016-12-31",47,11,5,NA,47,26,34,35
"15",35,"二林","2017-01-01",71,13,7,NA,55,18,44,71
"16",35,"二林","2017-01-02",81,7,5,NA,68,19,41,81
"17",35,"二林","2017-01-03",68,13,6,NA,57,19,35,68
"18",35,"二林","2017-01-04",67,7,5,NA,58,20,44,67
"19",35,"二林","2017-01-05",118,6,5,NA,90,18,45,118
"20",35,"二林","2017-01-06",96,11,5,NA,75,18,42,96
"21",35,"二林","2017-01-07",81,9,6,NA,68,18,44,81
"22",35,"二林","2017-01-08",83,14,8,NA,64,23,39,83
"23",35,"二林","2017-01-09",55,10,7,NA,50,21,38,55
"24",35,"二林","2017-01-10",87,20,7,NA,62,25,44,87
"25",35,"二林","2017-01-11",78,14,6,NA,62,19,44,78
"26",35,"二林","2017-01-12",63,11,5,NA,53,19,32,63
"27",35,"二林","2017-01-13",38,7,7,NA,28,20,24,38
"28",35,"二林","2017-01-14",52,6,6,NA,29,12,39,52
"29",35,"二林","2017-01-15",42,10,3,NA,20,21,33,42
"30",35,"二林","2017-01-16",30,9,3,NA,16,19,30,26
"31",35,"二林","2017-01-17",40,20,5,NA,34,25,40,32
"32",35,"二林","2017-01-18",44,9,3,NA,44,13,39,43
"33",35,"二林","2017-01-19",57,14,5,NA,41,18,37,57
"34",35,"二林","2017-01-20",71,9,6,NA,57,19,34,71
"35",35,"二林","2017-01-21",61,13,5,NA,54,17,36,61
"36",35,"二林","2017-01-22",65,11,5,NA,58,13,48,65
"37",35,"二林","2017-01-23",71,14,5,NA,58,18,37,71
"38",35,"二林","2017-01-24",56,19,6,NA,46,26,31,56
"39",35,"二林","2017-01-25",42,13,3,NA,42,17,36,37
"40",35,"二林","2017-01-26",57,10,3,NA,46,19,49,57
"41",35,"二林","2017-01-27",75,11,6,NA,57,26,43,75
"42",35,"二林","2017-01-28",66,11,3,NA,43,16,44,66
"43",35,"二林","2017-01-29",82,13,5,NA,61,17,44,82
"44",35,"二林","2017-01-30",64,9,6,NA,55,12,32,64
"45",35,"二林","2017-01-31",36,11,3,NA,34,12,36,32
"46",35,"二林","2017-02-01",44,9,3,NA,44,12,34,36
"47",35,"二林","2017-02-02",49,10,6,NA,43,15,37,49
"48",35,"二林","2017-02-03",47,11,5,NA,43,17,39,47
"49",35,"二林","2017-02-04",55,14,5,NA,55,20,35,49
"50",35,"二林","2017-02-05",80,13,7,NA,63,24,34,80
"51",67,"三重","2017-02-04",69,9,24,NA,58,50,NA,69
"52",67,"三重","2017-02-05",72,11,19,NA,56,41,NA,72
"53",67,"三重","2017-02-03",42,14,23,NA,39,42,NA,24
"54",67,"三重","2017-02-02",40,10,17,NA,40,40,NA,39
"55",67,"三重","2017-02-01",35,23,15,NA,30,35,NA,13
"56",67,"三重","2017-01-31",31,10,10,NA,31,31,NA,12
"57",67,"三重","2017-01-30",52,6,16,NA,52,43,NA,32
"58",67,"三重","2017-01-29",66,20,17,NA,65,48,NA,66
"59",67,"三重","2017-01-28",44,6,14,NA,44,42,NA,30
"60",67,"三重","2017-01-27",47,9,17,NA,43,47,NA,29
"61",67,"三重","2017-01-26",52,4,20,NA,45,52,NA,48
"62",67,"三重","2017-01-25",49,6,23,NA,37,49,NA,29
"63",67,"三重","2017-01-24",43,7,17,NA,41,43,NA,32
"64",67,"三重","2017-01-23",68,10,18,NA,62,47,NA,68
"65",67,"三重","2017-01-22",57,10,17,NA,57,55,NA,55
"66",67,"三重","2017-01-21",51,7,23,NA,49,45,NA,51
"67",67,"三重","2017-01-20",57,7,24,NA,54,54,NA,57
"68",67,"三重","2017-01-19",43,4,25,NA,38,43,NA,24
"69",67,"三重","2017-01-18",57,16,25,NA,54,57,NA,54
"70",67,"三重","2017-01-17",47,20,25,NA,34,47,NA,28
"71",67,"三重","2017-01-16",44,6,18,NA,33,44,NA,22
"72",67,"三重","2017-01-15",34,6,12,NA,31,34,NA,16
"73",67,"三重","2017-01-14",69,6,20,NA,54,46,NA,69
"74",67,"三重","2017-01-13",45,7,25,NA,27,45,NA,26
"75",67,"三重","2017-01-12",44,10,24,NA,40,44,NA,36
"76",67,"三重","2017-01-11",75,16,33,NA,54,47,NA,75
"77",67,"三重","2017-01-10",85,13,34,NA,60,50,NA,85
"78",67,"三重","2017-01-09",61,7,24,NA,52,50,NA,61
"79",67,"三重","2017-01-08",60,9,22,NA,46,40,NA,60
"80",67,"三重","2017-01-07",56,11,23,NA,56,47,NA,56
"81",67,"三重","2017-01-06",88,20,24,NA,68,49,NA,88
"82",67,"三重","2017-01-05",90,13,26,NA,69,66,NA,90
"83",67,"三重","2017-01-04",40,9,23,NA,31,40,NA,18
"84",67,"三重","2017-01-03",45,10,22,NA,40,45,NA,34
"85",67,"三重","2017-01-02",50,6,20,NA,42,50,NA,44
"86",67,"三重","2017-01-01",42,4,17,NA,31,42,NA,24
"87",67,"三重","2016-12-31",41,9,19,NA,41,41,NA,26
"88",67,"三重","2016-12-30",52,7,19,NA,52,47,NA,48
"89",67,"三重","2016-12-29",50,6,20,NA,48,50,NA,38
"90",67,"三重","2016-12-28",44,9,18,NA,36,44,NA,13
"91",67,"三重","2016-12-27",43,7,20,NA,39,43,NA,36
"92",67,"三重","2016-12-26",79,11,31,NA,62,79,NA,63
"93",67,"三重","2016-12-25",40,4,17,NA,40,40,NA,30
"94",67,"三重","2016-12-24",54,4,17,NA,54,42,NA,49
"95",67,"三重","2016-12-23",103,11,22,NA,74,56,NA,103
"96",67,"三重","2016-12-22",46,7,24,NA,44,43,NA,46
"97",67,"三重","2016-12-21",81,14,24,NA,68,81,NA,81
"98",67,"三重","2016-12-20",56,3,24,NA,37,56,NA,33
"99",67,"三重","2016-12-19",70,5,33,NA,39,70,NA,33
"100",67,"三重","2016-12-18",51,3,21,NA,37,51,NA,29
"101",27,"三義","2016-12-18",85,3,5,NA,47,20,77,85
"102",27,"三義","2016-12-19",79,3,5,NA,46,25,67,79
"103",27,"三義","2016-12-20",73,4,6,NA,51,32,47,73
"104",27,"三義","2016-12-21",80,10,5,NA,54,39,80,73
"105",27,"三義","2016-12-23",70,3,6,NA,47,11,44,70
"106",27,"三義","2016-12-22",33,4,5,NA,29,17,24,33
"107",27,"三義","2016-12-24",83,4,6,NA,55,21,45,83
"108",27,"三義","2016-12-25",81,6,7,NA,56,24,61,81
"109",27,"三義","2016-12-26",70,6,5,NA,57,17,33,70
"110",27,"三義","2016-12-27",31,4,6,NA,31,14,27,28
"111",27,"三義","2016-12-28",34,1,2,NA,15,14,34,NA
"112",27,"三義","2016-12-29",35,1,2,NA,21,9,35,NA
"113",27,"三義","2016-12-30",39,3,5,NA,26,18,39,NA
"114",27,"三義","2016-12-31",45,3,5,NA,38,21,40,45
"115",27,"三義","2017-01-01",67,6,5,NA,44,13,47,67
"116",27,"三義","2017-01-02",81,3,5,NA,55,16,35,81
"117",27,"三義","2017-01-03",52,4,3,NA,34,21,31,52
"118",27,"三義","2017-01-04",67,4,5,NA,39,24,41,67
"119",27,"三義","2017-01-05",120,6,5,NA,73,21,44,120
"120",27,"三義","2017-01-06",79,4,5,NA,57,19,41,79
"121",27,"三義","2017-01-07",79,7,6,NA,54,25,31,79
"122",27,"三義","2017-01-08",64,4,7,NA,36,22,33,64
"123",27,"三義","2017-01-09",61,4,6,NA,33,13,38,61
"124",27,"三義","2017-01-10",80,4,6,NA,43,16,47,80
"125",27,"三義","2017-01-11",88,3,5,NA,51,21,44,88
"126",27,"三義","2017-01-12",71,4,5,NA,44,16,30,71
"127",27,"三義","2017-01-13",29,3,7,NA,19,18,21,29
"128",27,"三義","2017-01-14",43,3,5,NA,19,9,36,43
"129",27,"三義","2017-01-15",32,1,2,NA,13,8,32,23
"130",27,"三義","2017-01-16",30,3,2,NA,13,8,30,26
"131",27,"三義","2017-01-17",50,3,3,NA,29,18,39,50
"132",27,"三義","2017-01-18",37,3,3,NA,25,19,33,37
"133",27,"三義","2017-01-19",48,3,3,NA,30,16,29,48
"134",27,"三義","2017-01-20",58,4,6,NA,27,11,38,58
"135",27,"三義","2017-01-21",55,3,3,NA,32,15,37,55
"136",27,"三義","2017-01-22",59,4,3,NA,34,8,49,59
"137",27,"三義","2017-01-23",67,3,3,NA,36,9,37,67
"138",27,"三義","2017-01-24",46,3,3,NA,26,16,31,46
"139",27,"三義","2017-01-25",40,4,3,NA,23,18,33,40
"140",27,"三義","2017-01-26",50,3,5,NA,30,29,44,50
"141",27,"三義","2017-01-27",70,4,3,NA,37,17,44,70
"142",27,"三義","2017-01-28",54,3,3,NA,28,11,43,54
"143",27,"三義","2017-01-29",60,4,3,NA,31,16,45,60
"144",27,"三義","2017-01-30",49,6,5,NA,28,16,32,49
"145",27,"三義","2017-01-31",38,3,2,NA,17,9,38,28
"146",27,"三義","2017-02-01",33,3,2,NA,19,8,33,32
"147",27,"三義","2017-02-02",41,3,3,NA,20,6,40,41
"148",27,"三義","2017-02-03",55,3,3,NA,33,19,39,55
"149",27,"三義","2017-02-04",69,6,3,NA,49,26,28,69
"150",27,"三義","2017-02-05",69,4,6,NA,34,18,31,69
"151",5,"土城","2017-02-05",85,7,8,NA,52,29,34,85
"152",5,"土城","2017-02-04",76,9,8,NA,52,38,32,76
"153",5,"土城","2017-02-03",36,6,7,NA,24,30,36,29
"154",5,"土城","2017-02-02",47,9,6,NA,31,15,33,47
"155",5,"土城","2017-02-01",85,7,5,NA,25,85,34,29
"156",5,"土城","2017-01-31",37,3,3,NA,18,19,37,19
"157",5,"土城","2017-01-30",76,4,8,NA,41,25,34,76
"158",5,"土城","2017-01-29",92,9,10,NA,50,44,41,92
"159",5,"土城","2017-01-28",49,4,5,NA,25,25,49,37
"160",5,"土城","2017-01-27",47,7,6,NA,31,24,42,47
"161",5,"土城","2017-01-26",44,6,7,NA,34,27,40,44
"162",5,"土城","2017-01-25",36,7,6,NA,27,23,36,34
"163",5,"土城","2017-01-24",38,10,5,NA,23,20,38,25
"164",5,"土城","2017-01-23",57,3,5,NA,47,17,44,57
"165",5,"土城","2017-01-22",52,9,6,NA,43,21,51,52
"166",5,"土城","2017-01-21",41,4,7,NA,34,30,36,41
"167",5,"土城","2017-01-20",60,6,8,NA,37,29,35,60
"168",5,"土城","2017-01-19",45,10,7,NA,30,31,30,45
"169",5,"土城","2017-01-18",56,11,7,NA,40,29,32,56
"170",5,"土城","2017-01-17",33,7,9,NA,19,32,33,19
"171",5,"土城","2017-01-16",31,4,5,NA,16,24,31,18
"172",5,"土城","2017-01-15",39,10,5,NA,14,21,39,19
"173",5,"土城","2017-01-14",68,9,6,NA,39,17,41,68
"174",5,"土城","2017-01-13",32,10,9,NA,13,26,32,31
"175",5,"土城","2017-01-12",45,13,6,NA,25,29,30,45
"176",5,"土城","2017-01-11",70,10,6,NA,43,19,38,70
"177",5,"土城","2017-01-10",81,3,7,NA,45,25,37,81
"178",5,"土城","2017-01-09",68,10,8,NA,41,27,34,68
"179",5,"土城","2017-01-07",87,11,8,NA,47,29,36,87
"180",5,"土城","2017-01-08",65,17,8,NA,34,23,30,65
"181",5,"土城","2017-01-06",110,11,9,NA,57,42,27,110
"182",5,"土城","2017-01-05",112,17,10,NA,57,42,38,112
"183",5,"土城","2017-01-04",31,4,8,NA,17,27,31,29
"184",5,"土城","2017-01-03",38,3,6,NA,23,22,30,38
"185",5,"土城","2017-01-02",60,7,7,NA,35,30,46,60
"186",5,"土城","2017-01-01",36,3,6,NA,13,26,36,23
"187",5,"土城","2016-12-31",32,3,5,NA,19,20,32,22
"188",5,"土城","2016-12-30",41,4,7,NA,35,23,36,41
"189",5,"土城","2016-12-29",31,6,5,NA,28,20,31,24
"190",5,"土城","2016-12-28",31,4,5,NA,20,23,31,15
"191",5,"土城","2016-12-27",37,4,7,NA,28,21,23,37
"192",5,"土城","2016-12-26",75,9,10,NA,45,47,54,75
"193",5,"土城","2016-12-25",38,3,6,NA,27,25,38,29
"194",5,"土城","2016-12-24",49,3,6,NA,40,16,42,49
"195",5,"土城","2016-12-22",68,9,8,NA,44,30,20,68
"196",5,"土城","2016-12-23",88,7,7,NA,62,14,44,88
"197",5,"土城","2016-12-21",92,14,9,NA,56,56,42,92
"198",5,"土城","2016-12-20",29,2,9,NA,20,29,28,28
"199",5,"土城","2016-12-19",71,4,13,NA,33,71,30,48
"200",5,"土城","2016-12-18",46,5,9,NA,28,44,46,33
"201",11,"士林","2016-12-18",43,2,4,NA,20,30,43,23
"202",11,"士林","2016-12-19",57,2,13,NA,20,57,34,34
"203",11,"士林","2016-12-20",33,2,3,NA,14,11,33,16
"204",11,"士林","2016-12-21",70,7,8,NA,41,39,44,70
"205",11,"士林","2016-12-23",102,9,7,NA,59,12,51,102
"206",11,"士林","2016-12-22",51,4,7,NA,21,26,31,51
"207",11,"士林","2016-12-24",59,13,5,NA,55,9,44,59
"208",11,"士林","2016-12-25",38,3,3,NA,23,10,38,33
"209",11,"士林","2016-12-26",69,7,7,NA,42,37,50,69
"210",11,"士林","2016-12-27",43,4,7,NA,21,29,31,43
"211",11,"士林","2016-12-28",38,3,5,NA,21,24,38,17
"212",11,"士林","2016-12-29",39,3,3,NA,24,17,39,34
"213",11,"士林","2016-12-30",44,17,3,NA,33,18,42,44
"214",11,"士林","2016-12-31",36,14,2,NA,19,12,36,26
"215",11,"士林","2017-01-01",39,3,3,NA,19,13,39,30
"216",11,"士林","2017-01-02",53,11,6,NA,28,23,42,53
"217",11,"士林","2017-01-03",37,7,3,NA,17,23,37,32
"218",11,"士林","2017-01-04",33,6,2,NA,14,18,33,19
"219",11,"士林","2017-01-05",90,10,9,NA,53,37,48,90
"220",11,"士林","2017-01-06",85,11,7,NA,48,31,29,85
"221",11,"士林","2017-01-08",57,13,9,NA,29,27,37,57
"222",11,"士林","2017-01-07",58,7,7,NA,29,32,36,58
"223",11,"士林","2017-01-09",61,3,7,NA,30,13,42,61
"224",11,"士林","2017-01-10",80,14,6,NA,48,14,43,80
"225",11,"士林","2017-01-11",72,14,5,NA,37,13,43,72
"226",11,"士林","2017-01-12",38,4,5,NA,20,18,35,38
"227",11,"士林","2017-01-13",29,3,8,NA,13,25,29,23
"228",11,"士林","2017-01-14",70,6,5,NA,31,11,44,70
"229",11,"士林","2017-01-15",42,3,2,NA,14,8,42,20
"230",11,"士林","2017-01-16",36,4,3,NA,15,12,36,27
"231",11,"士林","2017-01-17",33,31,3,NA,20,25,33,26
"232",11,"士林","2017-01-18",42,10,10,NA,28,36,31,42
"233",11,"士林","2017-01-19",30,1,6,NA,20,21,30,21
"234",11,"士林","2017-01-20",59,4,6,NA,32,15,41,59
"235",11,"士林","2017-01-21",46,4,6,NA,32,30,41,46
"236",11,"士林","2017-01-22",61,6,5,NA,39,26,54,61
"237",11,"士林","2017-01-23",60,4,5,NA,47,9,44,60
"238",11,"士林","2017-01-24",41,1,2,NA,23,7,41,25
"239",11,"士林","2017-01-25",40,3,3,NA,21,11,40,23
"240",11,"士林","2017-01-26",46,9,3,NA,29,14,44,46
"241",11,"士林","2017-01-27",42,17,5,NA,23,28,42,35
"242",11,"士林","2017-01-28",40,4,3,NA,19,16,40,37
"243",11,"士林","2017-01-29",85,10,7,NA,43,35,36,85
"244",11,"士林","2017-01-30",71,4,9,NA,37,29,38,71
"245",11,"士林","2017-01-31",40,14,2,NA,16,13,40,18
"246",11,"士林","2017-02-01",38,3,2,NA,15,6,38,22
"247",11,"士林","2017-02-02",40,10,5,NA,24,9,40,34
"248",11,"士林","2017-02-03",32,26,3,NA,19,18,32,30
"249",11,"士林","2017-02-04",63,7,10,NA,37,35,33,63
"250",11,"士林","2017-02-05",64,6,6,NA,38,27,34,64
"251",16,"大同","2017-02-05",67,7,11,NA,54,36,NA,67
"252",16,"大同","2017-02-04",68,7,19,NA,58,47,NA,68
"253",16,"大同","2017-02-03",42,16,14,NA,36,42,NA,20
"254",16,"大同","2017-02-02",49,7,9,NA,43,36,NA,49
"255",16,"大同","2017-02-01",31,6,7,NA,31,25,NA,29
"256",16,"大同","2017-01-31",33,9,7,NA,33,29,NA,31
"257",16,"大同","2017-01-30",74,6,15,NA,52,42,NA,74
"258",16,"大同","2017-01-29",100,21,15,NA,61,45,NA,100
"259",16,"大同","2017-01-28",42,4,11,NA,40,40,NA,42
"260",16,"大同","2017-01-27",41,7,11,NA,41,40,NA,39
"261",16,"大同","2017-01-26",49,7,16,NA,46,49,NA,45
"262",16,"大同","2017-01-25",44,6,12,NA,44,44,NA,31
"263",16,"大同","2017-01-24",43,9,12,NA,43,41,NA,30
"264",16,"大同","2017-01-23",61,13,12,NA,61,43,NA,61
"265",16,"大同","2017-01-22",56,9,8,NA,56,42,NA,54
"266",16,"大同","2017-01-21",44,4,15,NA,44,40,NA,41
"267",16,"大同","2017-01-20",53,4,11,NA,48,36,NA,53
"268",16,"大同","2017-01-19",43,9,27,NA,35,43,NA,26
"269",16,"大同","2017-01-18",57,17,24,NA,50,51,NA,57
"270",16,"大同","2017-01-17",42,17,18,NA,37,42,NA,24
"271",16,"大同","2017-01-16",41,9,15,NA,38,41,NA,22
"272",16,"大同","2017-01-15",35,9,10,NA,33,35,NA,26
"273",16,"大同","2017-01-14",79,7,11,NA,56,42,NA,79
"274",16,"大同","2017-01-13",43,6,18,NA,31,43,NA,29
"275",16,"大同","2017-01-12",41,11,17,NA,38,41,NA,34
"276",16,"大同","2017-01-11",84,20,10,NA,60,53,NA,84
"277",16,"大同","2017-01-10",86,14,12,NA,61,45,NA,86
"278",16,"大同","2017-01-09",60,7,12,NA,52,39,NA,60
"279",16,"大同","2017-01-07",58,7,17,NA,48,42,NA,58
"280",16,"大同","2017-01-08",64,9,14,NA,45,40,NA,64
"281",16,"大同","2017-01-06",98,17,18,NA,62,44,NA,98
"282",16,"大同","2017-01-05",94,13,23,NA,63,68,NA,94
"283",16,"大同","2017-01-04",34,7,12,NA,31,34,NA,24
"284",16,"大同","2017-01-03",40,9,16,NA,40,40,NA,31
"285",16,"大同","2017-01-02",42,6,15,NA,42,42,NA,40
"286",16,"大同","2017-01-01",41,4,11,NA,31,41,NA,19
"287",16,"大同","2016-12-31",38,9,11,NA,38,38,NA,18
"288",16,"大同","2016-12-30",51,9,16,NA,51,43,NA,39
"289",16,"大同","2016-12-29",42,7,9,NA,42,39,NA,26
"290",16,"大同","2016-12-28",42,7,15,NA,33,42,NA,20
"291",16,"大同","2016-12-27",38,9,12,NA,34,38,NA,34
"292",16,"大同","2016-12-26",76,14,26,NA,54,76,NA,70
"293",16,"大同","2016-12-25",39,4,10,NA,39,36,NA,32
"294",16,"大同","2016-12-24",54,4,9,NA,54,37,NA,46
"295",16,"大同","2016-12-22",45,7,18,NA,44,40,NA,45
"296",16,"大同","2016-12-23",79,10,14,NA,72,43,NA,79
"297",16,"大同","2016-12-21",71,10,25,NA,57,71,NA,68
"298",16,"大同","2016-12-20",38,3,10,NA,33,38,NA,14
"299",16,"大同","2016-12-19",53,5,27,NA,33,53,NA,28
"300",16,"大同","2016-12-18",47,5,14,NA,32,47,NA,25
"301",30,"大里","2016-12-18",99,5,9,NA,62,37,67,99
"302",30,"大里","2016-12-19",96,4,12,NA,62,48,58,96
"303",30,"大里","2016-12-20",116,7,13,NA,76,55,115,116
"304",30,"大里","2016-12-21",128,11,8,NA,82,34,43,128
"305",30,"大里","2016-12-23",81,6,11,NA,52,42,43,81
"306",30,"大里","2016-12-22",72,6,8,NA,54,29,22,72
"307",30,"大里","2016-12-24",121,10,9,NA,81,42,47,121
"308",30,"大里","2016-12-25",121,6,11,NA,78,39,80,121
"309",30,"大里","2016-12-26",108,6,8,NA,71,36,32,108
"310",30,"大里","2016-12-27",55,6,7,NA,44,22,22,55
"311",30,"大里","2016-12-28",35,4,7,NA,NA,35,29,NA
"312",30,"大里","2016-12-29",31,3,5,NA,19,27,30,31
"313",30,"大里","2016-12-30",70,7,11,NA,40,42,38,70
"314",30,"大里","2016-12-31",88,6,12,NA,61,42,51,88
"315",30,"大里","2017-01-01",110,7,9,NA,62,30,51,110
"316",30,"大里","2017-01-02",117,10,9,NA,65,41,42,117
"317",30,"大里","2017-01-03",104,6,10,NA,64,40,50,104
"318",30,"大里","2017-01-04",97,9,9,NA,57,40,44,97
"319",30,"大里","2017-01-05",152,10,10,NA,89,48,38,152
"320",30,"大里","2017-01-06",139,7,9,NA,77,31,46,139
"321",30,"大里","2017-01-07",143,13,10,NA,89,42,33,143
"322",30,"大里","2017-01-08",77,9,10,NA,50,33,40,77
"323",30,"大里","2017-01-09",63,4,9,NA,35,34,40,63
"324",30,"大里","2017-01-10",88,7,10,NA,52,39,47,88
"325",30,"大里","2017-01-11",124,9,11,NA,74,46,48,124
"326",30,"大里","2017-01-13",50,6,9,NA,32,30,16,50
"327",30,"大里","2017-01-12",92,7,10,NA,60,42,33,92
"328",30,"大里","2017-01-14",34,3,7,NA,16,25,25,34
"329",30,"大里","2017-01-15",32,4,5,NA,16,22,22,32
"330",30,"大里","2017-01-16",34,6,9,NA,17,34,19,24
"331",30,"大里","2017-01-17",63,7,9,NA,48,34,39,63
"332",30,"大里","2017-01-18",60,6,8,NA,45,32,40,60
"333",30,"大里","2017-01-19",72,6,7,NA,47,33,39,72
"334",30,"大里","2017-01-20",45,3,7,NA,27,22,30,45
"335",30,"大里","2017-01-21",62,6,6,NA,42,29,33,62
"336",30,"大里","2017-01-22",61,6,6,NA,35,24,44,61
"337",30,"大里","2017-01-23",85,6,8,NA,55,34,38,85
"338",30,"大里","2017-01-24",77,7,8,NA,43,36,34,77
"339",30,"大里","2017-01-25",52,6,6,NA,NA,27,31,52
"340",30,"大里","2017-01-26",55,6,9,NA,34,37,46,55
"341",30,"大里","2017-01-27",99,10,9,NA,59,31,48,99
"342",30,"大里","2017-01-28",89,7,6,NA,47,25,46,89
"343",30,"大里","2017-01-29",77,6,6,NA,43,22,46,77
"344",30,"大里","2017-01-30",61,4,6,NA,34,17,38,61
"345",30,"大里","2017-01-31",40,4,5,NA,19,27,40,30
"346",30,"大里","2017-02-01",32,4,3,NA,14,15,32,19
"347",30,"大里","2017-02-02",46,3,7,NA,20,30,42,46
"348",30,"大里","2017-02-03",69,4,8,NA,51,31,44,69
"349",30,"大里","2017-02-04",76,7,8,NA,64,38,31,76
"350",30,"大里","2017-02-05",100,7,8,NA,64,32,31,100
"351",18,"大園","2017-02-05",69,11,7,NA,49,22,32,69
"352",18,"大園","2017-02-04",68,10,3,NA,48,24,34,68
"353",18,"大園","2017-02-03",34,13,3,NA,33,31,34,33
"354",18,"大園","2017-02-02",50,10,5,NA,38,20,36,50
"355",18,"大園","2017-02-01",37,7,2,NA,29,17,37,28
"356",18,"大園","2017-01-31",36,7,2,NA,30,15,36,34
"357",18,"大園","2017-01-30",95,7,6,NA,61,25,35,95
"358",18,"大園","2017-01-29",95,10,5,NA,62,31,40,95
"359",18,"大園","2017-01-28",47,4,2,NA,36,10,47,42
"360",18,"大園","2017-01-27",50,19,7,NA,32,42,50,41
"361",18,"大園","2017-01-26",49,9,3,NA,41,27,42,49
"362",18,"大園","2017-01-25",45,9,3,NA,34,28,35,45
"363",18,"大園","2017-01-24",37,9,2,NA,32,23,37,35
"364",18,"大園","2017-01-23",64,7,5,NA,54,30,38,64
"365",18,"大園","2017-01-22",63,9,5,NA,49,25,50,63
"366",18,"大園","2017-01-21",46,13,3,NA,46,35,38,45
"367",18,"大園","2017-01-20",64,7,6,NA,43,31,38,64
"368",18,"大園","2017-01-19",37,4,3,NA,24,19,37,24
"369",18,"大園","2017-01-18",39,10,3,NA,39,27,32,32
"370",18,"大園","2017-01-17",36,7,5,NA,34,36,32,33
"371",18,"大園","2017-01-16",32,9,3,NA,28,24,32,32
"372",18,"大園","2017-01-15",35,4,2,NA,30,19,35,27
"373",18,"大園","2017-01-14",78,9,5,NA,50,17,40,78
"374",18,"大園","2017-01-12",35,9,3,NA,32,23,35,34
"375",18,"大園","2017-01-13",42,9,7,NA,22,20,35,42
"376",18,"大園","2017-01-11",76,13,5,NA,54,26,34,76
"377",18,"大園","2017-01-10",91,13,6,NA,54,32,35,91
"378",18,"大園","2017-01-09",64,9,7,NA,52,24,33,64
"379",18,"大園","2017-01-08",55,9,6,NA,36,21,31,55
"380",18,"大園","2017-01-07",63,19,6,NA,52,24,28,63
"381",18,"大園","2017-01-06",82,13,5,NA,56,30,41,82
"382",18,"大園","2017-01-05",120,14,7,NA,65,28,37,120
"383",18,"大園","2017-01-04",43,14,3,NA,34,30,39,43
"384",18,"大園","2017-01-03",48,21,3,NA,37,30,32,48
"385",18,"大園","2017-01-02",72,29,3,NA,47,37,38,72
"386",18,"大園","2017-01-01",40,11,6,NA,30,33,40,39
"387",18,"大園","2016-12-31",36,19,2,NA,36,32,33,31
"388",18,"大園","2016-12-30",58,11,3,NA,48,28,36,58
"389",18,"大園","2016-12-29",44,7,2,NA,38,24,34,44
"390",18,"大園","2016-12-28",32,7,2,NA,31,29,32,32
"391",18,"大園","2016-12-27",59,13,6,NA,35,34,29,59
"392",18,"大園","2016-12-26",103,10,6,NA,59,31,46,103
"393",18,"大園","2016-12-25",44,6,5,NA,36,22,38,44
"394",18,"大園","2016-12-24",75,9,5,NA,49,18,41,75
"395",18,"大園","2016-12-22",51,7,7,NA,28,23,26,51
"396",18,"大園","2016-12-23",107,7,7,NA,66,25,45,107
"397",18,"大園","2016-12-21",134,29,8,NA,69,43,42,134
"398",18,"大園","2016-12-20",67,7,10,NA,45,46,25,67
"399",18,"大園","2016-12-19",97,9,8,NA,55,50,46,97
"400",18,"大園","2016-12-18",44,9,6,NA,37,35,44,40
"450",58,"小港","2017-02-05",141,14,9,NA,68,37,35,141
"451",58,"小港","2017-02-04",149,10,10,NA,83,47,36,149
"452",58,"小港","2017-02-03",122,11,8,NA,72,41,58,122
"453",58,"小港","2017-02-02",105,27,8,NA,66,47,44,105
"454",58,"小港","2017-02-01",110,23,7,NA,69,35,43,110
"455",58,"小港","2017-01-31",103,24,8,NA,64,38,36,103
"456",58,"小港","2017-01-30",135,49,8,NA,80,40,61,135
"457",58,"小港","2017-01-29",106,60,7,NA,54,49,49,106
"458",58,"小港","2017-01-27",110,13,7,NA,67,41,74,110
"459",58,"小港","2017-01-28",105,24,8,NA,62,42,84,105
"460",58,"小港","2017-01-26",113,23,8,NA,67,46,54,113
"461",58,"小港","2017-01-25",122,17,9,NA,78,47,49,122
"462",58,"小港","2017-01-24",146,17,10,NA,92,50,61,146
"463",58,"小港","2017-01-23",133,21,10,NA,92,52,54,133
"464",58,"小港","2017-01-22",117,20,7,NA,76,34,44,117
"465",58,"小港","2017-01-21",142,10,9,NA,83,36,40,142
"466",58,"小港","2017-01-20",134,9,11,NA,87,40,44,134
"467",58,"小港","2017-01-19",105,11,7,NA,58,43,84,105
"468",58,"小港","2017-01-18",121,26,8,NA,66,44,49,121
"469",58,"小港","2017-01-17",118,14,9,NA,71,40,43,118
"470",58,"小港","2017-01-16",97,17,9,NA,59,46,40,97
"471",58,"小港","2017-01-15",123,7,8,NA,59,29,44,123
"472",58,"小港","2017-01-14",123,14,10,NA,57,50,27,123
"473",58,"小港","2017-01-12",151,34,9,NA,86,62,45,151
"474",58,"小港","2017-01-13",155,26,12,NA,87,54,46,155
"475",58,"小港","2017-01-11",157,49,10,NA,90,63,93,157
"476",58,"小港","2017-01-10",151,21,12,NA,89,52,64,151
"477",58,"小港","2017-01-09",147,29,10,NA,82,56,77,147
"478",58,"小港","2017-01-08",110,16,8,NA,64,39,64,110
"479",58,"小港","2017-01-07",153,49,8,NA,74,58,38,153
"480",58,"小港","2017-01-06",151,17,9,NA,72,53,40,151
"481",58,"小港","2017-01-05",137,10,8,NA,71,51,49,137
"482",58,"小港","2017-01-04",154,30,9,NA,91,64,44,154
"483",58,"小港","2017-01-03",155,16,9,NA,88,49,49,155
"484",58,"小港","2017-01-02",158,14,9,NA,90,40,74,158
"485",58,"小港","2017-01-01",142,13,10,NA,72,40,80,142
"486",58,"小港","2016-12-31",154,16,11,NA,79,48,58,154
"487",58,"小港","2016-12-30",117,26,11,NA,66,57,17,117
"488",58,"小港","2016-12-29",90,9,8,NA,47,47,13,90
"489",58,"小港","2016-12-28",101,13,11,NA,54,44,6,101
"490",58,"小港","2016-12-27",117,3,7,NA,80,30,20,117
"491",58,"小港","2016-12-26",157,11,9,NA,87,50,90,157
"492",58,"小港","2016-12-25",116,14,8,NA,71,35,61,116
"493",58,"小港","2016-12-24",138,24,8,NA,80,29,77,138
"494",58,"小港","2016-12-22",120,20,9,NA,69,49,36,120
"495",58,"小港","2016-12-23",113,16,9,NA,66,37,74,113
"496",58,"小港","2016-12-21",139,27,8,NA,71,43,45,139
"497",58,"小港","2016-12-20",112,14,14,NA,87,73,112,NA
"498",58,"小港","2016-12-19",76,8,10,NA,76,61,19,NA
"499",58,"小港","2016-12-18",136,6,8,NA,69,46,10,136
"500",12,"中山","2016-12-18",40,2,9,NA,19,40,34,24
"501",12,"中山","2016-12-19",40,3,13,NA,16,40,22,24
"502",12,"中山","2016-12-20",33,1,8,NA,12,33,19,17
"503",12,"中山","2016-12-21",66,11,12,NA,39,64,27,66
"504",12,"中山","2016-12-23",117,10,10,NA,62,40,34,117
"505",12,"中山","2016-12-22",62,6,12,NA,30,37,17,62
"506",12,"中山","2016-12-24",64,3,7,NA,43,30,38,64
"507",12,"中山","2016-12-25",37,4,7,NA,26,32,30,37
"508",12,"中山","2016-12-27",42,9,9,NA,22,32,19,42
"509",12,"中山","2016-12-26",77,16,16,NA,46,69,34,77
"510",12,"中山","2016-12-28",38,9,8,NA,20,38,30,25
"511",12,"中山","2016-12-29",41,7,7,NA,27,32,28,41
"512",12,"中山","2016-12-30",64,7,10,NA,43,41,31,64
"513",12,"中山","2016-12-31",31,6,7,NA,25,27,23,31
"514",12,"中山","2017-01-01",36,4,7,NA,20,36,31,30
"515",12,"中山","2017-01-02",52,6,8,NA,29,37,34,52
"516",12,"中山","2017-01-03",37,7,8,NA,27,37,23,35
"517",12,"中山","2017-01-04",34,4,8,NA,14,34,24,NA
"518",12,"中山","2017-01-05",92,11,15,NA,54,64,31,92
"519",12,"中山","2017-01-06",92,16,11,NA,54,45,18,92
"520",12,"中山","2017-01-07",66,7,12,NA,36,42,23,66
"521",12,"中山","2017-01-08",63,7,12,NA,35,38,25,63
"522",12,"中山","2017-01-09",57,6,10,NA,34,39,31,57
"523",12,"中山","2017-01-10",90,14,9,NA,48,39,29,90
"524",12,"中山","2017-01-11",79,14,8,NA,43,35,34,79
"525",12,"中山","2017-01-12",34,11,8,NA,21,34,26,32
"526",12,"中山","2017-01-14",79,9,8,NA,41,34,38,79
"527",12,"中山","2017-01-13",39,3,11,NA,17,39,28,33
"528",12,"中山","2017-01-15",31,6,5,NA,15,27,31,21
"529",12,"中山","2017-01-16",40,9,8,NA,19,40,28,28
"530",12,"中山","2017-01-17",38,13,10,NA,23,38,27,28
"531",12,"中山","2017-01-18",56,11,11,NA,39,48,19,56
"532",12,"中山","2017-01-19",34,4,11,NA,19,34,19,25
"533",12,"中山","2017-01-20",57,4,10,NA,35,30,28,57
"534",12,"中山","2017-01-21",44,3,9,NA,32,40,33,44
"535",12,"中山","2017-01-22",58,9,7,NA,47,35,41,58
"536",12,"中山","2017-01-23",62,14,8,NA,46,38,36,62
"537",12,"中山","2017-01-24",38,10,7,NA,26,31,31,38
"538",12,"中山","2017-01-25",38,3,8,NA,23,38,31,33
"539",12,"中山","2017-01-26",52,6,8,NA,30,38,36,52
"540",12,"中山","2017-01-27",40,7,6,NA,22,36,36,40
"541",12,"中山","2017-01-29",95,21,12,NA,46,46,28,95
"542",12,"中山","2017-01-28",48,4,7,NA,19,30,33,48
"543",12,"中山","2017-01-30",67,4,11,NA,31,44,29,67
"544",12,"中山","2017-01-31",36,9,5,NA,15,23,36,NA
"545",12,"中山","2017-02-01",31,6,5,NA,17,20,31,30
"546",12,"中山","2017-02-02",50,9,8,NA,27,34,32,50
"547",12,"中山","2017-02-03",36,14,9,NA,19,36,25,24
"548",12,"中山","2017-02-04",66,6,12,NA,44,44,22,66
"549",12,"中山","2017-02-05",73,9,8,NA,41,38,25,73
"550",68,"中壢","2017-02-04",60,6,14,NA,46,36,NA,60
"551",68,"中壢","2017-02-05",77,7,10,NA,48,31,NA,77
"552",68,"中壢","2017-02-03",39,9,18,NA,27,39,NA,37
"553",68,"中壢","2017-02-02",45,9,9,NA,41,26,NA,45
"554",68,"中壢","2017-02-01",28,10,8,NA,19,24,NA,28
"555",68,"中壢","2017-01-31",22,4,6,NA,19,19,NA,22
"556",68,"中壢","2017-01-30",67,6,8,NA,32,33,NA,67
"557",68,"中壢","2017-01-29",104,6,14,NA,50,49,NA,104
"558",68,"中壢","2017-01-27",60,7,17,NA,42,39,NA,60
"559",68,"中壢","2017-01-28",61,6,11,NA,37,36,NA,61
"560",68,"中壢","2017-01-26",53,6,15,NA,36,34,NA,53
"561",68,"中壢","2017-01-25",36,7,10,NA,31,36,NA,33
"562",68,"中壢","2017-01-24",31,7,9,NA,31,26,NA,28
"563",68,"中壢","2017-01-23",63,9,10,NA,52,27,NA,63
"564",68,"中壢","2017-01-22",60,9,9,NA,45,40,NA,60
"565",68,"中壢","2017-01-21",50,14,12,NA,50,42,NA,42
"566",68,"中壢","2017-01-20",66,16,12,NA,46,31,NA,66
"567",68,"中壢","2017-01-19",31,4,10,NA,28,31,NA,29
"568",68,"中壢","2017-01-18",57,10,12,NA,40,35,NA,57
"569",68,"中壢","2017-01-17",42,13,22,NA,28,41,NA,42
"570",68,"中壢","2017-01-16",30,11,9,NA,26,30,NA,19
"571",68,"中壢","2017-01-15",27,10,8,NA,27,27,NA,25
"572",68,"中壢","2017-01-14",73,9,10,NA,46,34,NA,73
"573",68,"中壢","2017-01-12",45,11,16,NA,31,37,NA,45
"574",68,"中壢","2017-01-13",33,6,12,NA,23,33,NA,24
"575",68,"中壢","2017-01-11",70,11,10,NA,46,30,NA,70
"576",68,"中壢","2017-01-10",86,9,14,NA,51,36,NA,86
"577",68,"中壢","2017-01-09",66,10,15,NA,42,36,NA,66
"578",68,"中壢","2017-01-08",50,13,14,NA,31,33,NA,50
"579",68,"中壢","2017-01-07",90,9,19,NA,57,37,NA,90
"580",68,"中壢","2017-01-06",97,11,14,NA,62,46,NA,97
"581",68,"中壢","2017-01-05",109,7,20,NA,65,43,NA,109
"582",68,"中壢","2017-01-04",54,9,25,NA,37,54,NA,37
"583",68,"中壢","2017-01-03",41,11,10,NA,36,33,NA,41
"584",68,"中壢","2017-01-02",65,11,12,NA,47,44,NA,65
"585",68,"中壢","2017-01-01",37,7,18,NA,30,37,NA,35
"586",68,"中壢","2016-12-31",28,4,9,NA,28,26,NA,27
"587",68,"中壢","2016-12-30",44,6,11,NA,44,29,NA,44
"588",68,"中壢","2016-12-29",38,6,8,NA,38,30,NA,36
"589",68,"中壢","2016-12-28",34,6,9,NA,34,32,NA,23
"590",68,"中壢","2016-12-27",54,9,9,NA,42,27,NA,54
"591",68,"中壢","2016-12-25",47,7,22,NA,36,44,NA,47
"592",68,"中壢","2016-12-26",92,10,22,NA,63,42,NA,92
"593",68,"中壢","2016-12-24",62,6,14,NA,48,34,NA,62
"594",68,"中壢","2016-12-23",95,10,14,NA,64,31,NA,95
"595",68,"中壢","2016-12-22",55,9,14,NA,38,33,NA,55
"596",68,"中壢","2016-12-21",102,16,25,NA,71,52,NA,102
"597",68,"中壢","2016-12-20",55,6,36,NA,45,43,NA,55
"598",68,"中壢","2016-12-19",94,7,28,NA,60,72,NA,94
"599",68,"中壢","2016-12-18",56,5,20,NA,40,50,NA,56
"600",49,"仁武","2016-12-18",140,9,7,NA,86,32,97,140
"601",49,"仁武","2016-12-19",131,8,7,NA,90,34,80,131
"602",49,"仁武","2016-12-20",152,10,9,NA,94,37,129,152
"603",49,"仁武","2016-12-21",109,26,7,NA,85,38,51,109
"604",49,"仁武","2016-12-23",84,11,8,NA,66,25,84,79
"605",49,"仁武","2016-12-22",90,21,6,NA,72,29,33,90
"606",49,"仁武","2016-12-24",145,17,8,NA,104,31,77,145
"607",49,"仁武","2016-12-25",97,14,7,NA,82,28,67,97
"608",49,"仁武","2016-12-27",102,10,6,NA,89,18,19,102
"609",49,"仁武","2016-12-26",150,26,7,NA,98,34,74,150
"610",49,"仁武","2016-12-28",62,17,7,NA,57,24,11,62
"611",49,"仁武","2016-12-29",69,11,5,NA,45,29,18,69
"612",49,"仁武","2016-12-30",118,26,8,NA,76,43,29,118
"613",49,"仁武","2016-12-31",93,10,7,NA,85,27,64,93
"614",49,"仁武","2017-01-01",109,14,9,NA,90,29,93,109
"615",49,"仁武","2017-01-02",122,33,6,NA,99,25,90,122
"616",49,"仁武","2017-01-03",137,11,8,NA,94,40,71,137
"617",49,"仁武","2017-01-04",141,21,7,NA,83,43,74,141
"618",49,"仁武","2017-01-05",115,17,7,NA,75,35,47,115
"619",49,"仁武","2017-01-06",132,29,7,NA,78,35,43,132
"620",49,"仁武","2017-01-07",144,13,7,NA,83,30,47,144
"621",49,"仁武","2017-01-08",99,24,6,NA,66,20,67,99
"622",49,"仁武","2017-01-09",107,13,10,NA,92,43,80,107
"623",49,"仁武","2017-01-10",125,19,9,NA,90,43,84,125
"624",49,"仁武","2017-01-11",154,21,9,NA,103,47,126,154
"625",49,"仁武","2017-01-13",144,19,9,NA,78,43,51,144
"626",49,"仁武","2017-01-12",126,23,8,NA,90,50,61,126
"627",49,"仁武","2017-01-14",110,13,9,NA,59,37,26,110
"628",49,"仁武","2017-01-15",120,14,8,NA,70,29,43,120
"629",49,"仁武","2017-01-16",94,9,7,NA,60,40,41,94
"630",49,"仁武","2017-01-17",110,20,7,NA,71,36,47,110
"631",49,"仁武","2017-01-18",98,24,6,NA,68,35,87,98
"632",49,"仁武","2017-01-19",88,13,7,NA,68,41,49,88
"633",49,"仁武","2017-01-20",106,6,9,NA,87,35,42,106
"634",49,"仁武","2017-01-21",125,10,7,NA,83,31,38,125
"635",49,"仁武","2017-01-22",113,9,7,NA,82,31,50,113
"636",49,"仁武","2017-01-23",117,10,8,NA,95,46,74,117
"637",49,"仁武","2017-01-24",132,10,9,NA,96,48,42,132
"638",49,"仁武","2017-01-25",103,29,7,NA,74,48,42,103
"639",49,"仁武","2017-01-26",98,7,6,NA,66,32,87,98
"640",49,"仁武","2017-01-27",97,24,6,NA,66,25,61,97
"641",49,"仁武","2017-01-29",90,14,6,NA,55,32,90,89
"642",49,"仁武","2017-01-28",87,27,6,NA,55,35,87,77
"643",49,"仁武","2017-01-30",122,16,6,NA,82,25,97,122
"644",49,"仁武","2017-01-31",78,7,6,NA,56,25,42,78
"645",49,"仁武","2017-02-01",75,17,6,NA,62,25,42,75
"646",49,"仁武","2017-02-02",84,6,7,NA,67,30,47,84
"647",49,"仁武","2017-02-03",115,9,8,NA,79,31,61,115
"648",49,"仁武","2017-02-05",130,14,8,NA,76,30,33,130
"649",49,"仁武","2017-02-04",133,9,7,NA,82,34,33,133
"650",37,"斗六","2017-02-05",144,7,6,NA,64,26,34,144
"651",37,"斗六","2017-02-04",94,9,5,NA,65,29,37,94
"652",37,"斗六","2017-02-03",100,9,6,NA,55,25,47,100
"653",37,"斗六","2017-02-02",70,4,5,NA,38,16,40,70
"654",37,"斗六","2017-02-01",50,3,3,NA,35,13,35,50
"655",37,"斗六","2017-01-31",56,4,3,NA,37,13,43,56
"656",37,"斗六","2017-01-30",102,6,6,NA,52,12,43,102
"657",37,"斗六","2017-01-28",102,9,5,NA,49,21,61,102
"658",37,"斗六","2017-01-29",100,4,5,NA,53,20,54,100
"659",37,"斗六","2017-01-27",99,6,6,NA,55,25,58,99
"660",37,"斗六","2017-01-26",84,9,6,NA,52,27,58,84
"661",37,"斗六","2017-01-25",71,7,3,NA,39,23,36,71
"662",37,"斗六","2017-01-24",111,7,6,NA,57,25,43,111
"663",37,"斗六","2017-01-23",140,7,6,NA,68,25,46,140
"664",37,"斗六","2017-01-22",94,4,5,NA,52,18,54,94
"665",37,"斗六","2017-01-21",102,6,5,NA,53,21,41,102
"666",37,"斗六","2017-01-20",85,6,7,NA,42,25,35,85
"667",37,"斗六","2017-01-19",99,9,6,NA,54,30,46,99
"668",37,"斗六","2017-01-18",84,9,5,NA,54,20,45,84
"669",37,"斗六","2017-01-17",91,10,6,NA,48,24,43,91
"670",37,"斗六","2017-01-16",55,6,5,NA,28,26,29,55
"671",37,"斗六","2017-01-15",77,3,5,NA,37,17,28,77
"672",37,"斗六","2017-01-14",74,4,7,NA,29,20,24,74
"673",37,"斗六","2017-01-12",109,7,7,NA,61,26,43,109
"674",37,"斗六","2017-01-13",76,6,8,NA,43,28,21,76
"675",37,"斗六","2017-01-11",134,9,8,NA,63,27,61,134
"676",37,"斗六","2017-01-10",128,9,7,NA,62,28,74,128
"677",37,"斗六","2017-01-09",85,6,7,NA,47,26,47,85
"678",37,"斗六","2017-01-08",94,13,8,NA,53,31,47,94
"679",37,"斗六","2017-01-07",158,7,7,NA,81,39,46,158
"680",37,"斗六","2017-01-06",156,9,6,NA,75,29,46,156
"681",37,"斗六","2017-01-05",128,9,6,NA,71,28,48,128
"682",37,"斗六","2017-01-04",103,10,6,NA,59,30,50,103
"683",37,"斗六","2017-01-03",135,9,6,NA,69,30,51,135
"684",37,"斗六","2017-01-02",137,9,6,NA,70,25,49,137
"685",37,"斗六","2017-01-01",114,11,7,NA,64,25,74,114
"686",37,"斗六","2016-12-31",107,7,8,NA,63,49,58,107
"687",37,"斗六","2016-12-30",82,9,6,NA,52,36,35,82
"688",37,"斗六","2016-12-28",37,4,5,NA,25,29,23,37
"689",37,"斗六","2016-12-29",52,6,5,NA,31,19,31,52
"690",37,"斗六","2016-12-26",152,7,7,NA,78,35,35,152
"691",37,"斗六","2016-12-27",73,4,6,NA,66,23,23,73
"692",37,"斗六","2016-12-25",133,9,7,NA,71,24,74,133
"693",37,"斗六","2016-12-24",151,10,8,NA,74,44,74,151
"694",37,"斗六","2016-12-22",93,7,6,NA,61,24,29,93
"695",37,"斗六","2016-12-23",109,6,8,NA,57,42,61,109
"696",37,"斗六","2016-12-21",133,7,6,NA,71,23,45,133
"697",37,"斗六","2016-12-20",123,7,7,NA,68,30,112,123
"698",37,"斗六","2016-12-19",132,5,8,NA,64,35,61,132
"699",37,"斗六","2016-12-18",128,4,7,NA,64,28,61,128
"700",66,"冬山","2016-12-18",32,3,4,NA,27,20,32,13
"701",66,"冬山","2016-12-19",30,2,6,NA,30,25,24,16
"702",66,"冬山","2016-12-20",30,3,6,NA,29,30,18,16
"703",66,"冬山","2016-12-22",31,4,6,NA,31,14,14,17
"704",66,"冬山","2016-12-21",29,3,6,NA,29,17,7,24
"705",66,"冬山","2016-12-23",85,4,6,NA,71,19,25,85
"706",66,"冬山","2016-12-24",58,7,5,NA,58,24,20,57
"707",66,"冬山","2016-12-26",39,4,3,NA,39,14,12,31
"708",66,"冬山","2016-12-25",37,4,5,NA,37,17,11,22
"709",66,"冬山","2016-12-28",33,3,2,NA,18,12,33,10
"710",66,"冬山","2016-12-27",31,3,6,NA,31,15,20,12
"711",66,"冬山","2016-12-29",33,4,2,NA,31,23,33,10
"712",66,"冬山","2016-12-30",37,3,5,NA,37,25,29,26
"713",66,"冬山","2016-12-31",32,6,5,NA,32,20,31,18
"714",66,"冬山","2017-01-01",28,3,2,NA,24,15,28,19
"715",66,"冬山","2017-01-02",40,4,3,NA,36,17,39,40
"716",66,"冬山","2017-01-03",36,3,3,NA,26,20,30,36
"717",66,"冬山","2017-01-04",33,33,3,NA,20,21,26,18
"718",66,"冬山","2017-01-05",44,6,5,NA,32,17,25,44
"719",66,"冬山","2017-01-06",78,10,6,NA,55,23,31,78
"720",66,"冬山","2017-01-07",45,6,5,NA,36,22,29,45
"721",66,"冬山","2017-01-08",40,6,6,NA,38,22,35,40
"722",66,"冬山","2017-01-09",61,6,7,NA,50,19,33,61
"723",66,"冬山","2017-01-10",75,3,6,NA,51,21,35,75
"724",66,"冬山","2017-01-11",76,3,6,NA,50,24,31,76
"725",66,"冬山","2017-01-13",37,3,7,NA,24,17,37,19
"726",66,"冬山","2017-01-12",47,6,6,NA,37,18,34,47
"727",66,"冬山","2017-01-14",60,4,5,NA,36,21,42,60
"728",66,"冬山","2017-01-15",38,4,2,NA,16,13,38,15
"729",66,"冬山","2017-01-16",34,3,2,NA,18,18,34,8
"730",66,"冬山","2017-01-17",26,3,5,NA,23,26,24,19
"731",66,"冬山","2017-01-18",33,10,6,NA,33,25,31,29
"732",66,"冬山","2017-01-19",36,6,6,NA,36,22,33,34
"733",66,"冬山","2017-01-20",54,3,6,NA,47,14,42,54
"734",66,"冬山","2017-01-21",41,4,3,NA,41,10,41,35
"735",66,"冬山","2017-01-22",54,3,5,NA,50,11,54,46
"736",66,"冬山","2017-01-23",59,3,3,NA,47,25,37,59
"737",66,"冬山","2017-01-24",39,3,2,NA,13,19,39,13
"738",66,"冬山","2017-01-25",42,3,3,NA,16,18,42,15
"739",66,"冬山","2017-01-26",42,3,3,NA,33,14,42,39
"740",66,"冬山","2017-01-28",39,4,3,NA,25,12,39,32
"741",66,"冬山","2017-01-27",41,4,3,NA,31,11,41,34
"742",66,"冬山","2017-01-29",43,4,3,NA,23,8,43,29
"743",66,"冬山","2017-01-30",35,3,5,NA,27,8,35,30
"744",66,"冬山","2017-01-31",38,3,2,NA,10,7,38,9
"745",66,"冬山","2017-02-01",35,4,2,NA,21,6,35,13
"746",66,"冬山","2017-02-02",35,1,3,NA,24,8,35,28
"747",66,"冬山","2017-02-03",38,3,5,NA,26,18,38,31
"748",66,"冬山","2017-02-05",41,6,5,NA,32,11,36,41
"749",66,"冬山","2017-02-04",36,4,5,NA,28,19,28,36
"750",14,"古亭","2017-02-05",89,9,7,NA,37,30,31,89
"751",14,"古亭","2017-02-04",82,6,10,NA,32,43,31,82
"752",14,"古亭","2017-02-03",39,4,7,NA,15,37,32,39
"753",14,"古亭","2017-02-02",56,7,6,NA,21,21,33,56
"754",14,"古亭","2017-02-01",39,7,3,NA,14,13,33,39
"755",14,"古亭","2017-01-31",39,6,2,NA,13,11,39,36
"756",14,"古亭","2017-01-30",63,6,6,NA,24,23,33,63
"757",14,"古亭","2017-01-28",43,6,5,NA,15,21,42,43
"758",14,"古亭","2017-01-29",113,11,9,NA,43,43,43,113
"759",14,"古亭","2017-01-27",45,10,5,NA,19,26,40,45
"760",14,"古亭","2017-01-26",58,4,5,NA,27,24,40,58
"761",14,"古亭","2017-01-25",54,6,6,NA,18,29,35,54
"762",14,"古亭","2017-01-24",46,7,5,NA,18,27,39,46
"763",14,"古亭","2017-01-23",75,4,5,NA,44,19,44,75
"764",14,"古亭","2017-01-22",72,7,5,NA,37,23,48,72
"765",14,"古亭","2017-01-21",57,6,7,NA,31,30,35,57
"766",14,"古亭","2017-01-20",73,6,8,NA,35,27,31,73
"767",14,"古亭","2017-01-19",42,3,7,NA,23,35,24,42
"768",14,"古亭","2017-01-18",63,7,9,NA,37,42,27,63
"769",14,"古亭","2017-01-17",35,4,8,NA,19,35,31,33
"770",14,"古亭","2017-01-16",35,6,5,NA,16,19,31,35
"771",14,"古亭","2017-01-15",39,13,3,NA,15,25,39,38
"772",14,"古亭","2017-01-14",91,7,7,NA,39,22,41,91
"773",14,"古亭","2017-01-13",43,10,9,NA,17,30,31,43
"774",14,"古亭","2017-01-12",51,11,6,NA,23,30,30,51
"775",14,"古亭","2017-01-11",82,11,6,NA,36,23,40,82
"776",14,"古亭","2017-01-10",93,4,7,NA,39,28,39,93
"777",14,"古亭","2017-01-09",78,7,8,NA,35,25,32,78
"778",14,"古亭","2017-01-08",68,6,8,NA,29,24,31,68
"779",14,"古亭","2017-01-07",91,6,9,NA,43,35,33,91
"780",14,"古亭","2017-01-06",118,13,10,NA,57,39,23,118
"781",14,"古亭","2017-01-05",119,13,12,NA,58,61,44,119
"782",14,"古亭","2017-01-04",33,4,6,NA,18,26,28,33
"783",14,"古亭","2017-01-03",52,4,6,NA,22,28,29,52
"784",14,"古亭","2017-01-02",68,7,6,NA,31,29,44,68
"785",14,"古亭","2017-01-01",40,3,5,NA,17,27,36,40
"786",14,"古亭","2016-12-31",37,3,5,NA,19,22,29,37
"787",14,"古亭","2016-12-30",57,3,5,NA,34,20,37,57
"788",14,"古亭","2016-12-28",31,3,5,NA,19,26,31,30
"789",14,"古亭","2016-12-29",48,6,5,NA,30,28,31,48
"790",14,"古亭","2016-12-26",80,9,11,NA,47,47,54,80
"791",14,"古亭","2016-12-27",51,4,8,NA,25,24,22,51
"792",14,"古亭","2016-12-25",40,3,5,NA,27,20,36,40
"793",14,"古亭","2016-12-24",61,3,5,NA,40,24,46,61
"794",14,"古亭","2016-12-22",60,9,9,NA,33,35,19,60
"795",14,"古亭","2016-12-23",106,7,8,NA,60,25,44,106
"796",14,"古亭","2016-12-21",60,7,9,NA,39,38,31,60
"797",14,"古亭","2016-12-20",31,1,6,NA,11,31,25,16
"798",14,"古亭","2016-12-19",36,2,10,NA,20,36,31,34
"799",14,"古亭","2016-12-18",36,2,7,NA,19,35,36,30
"800",54,"左營","2016-12-18",152,5,7,NA,73,32,129,152
"801",54,"左營","2016-12-19",153,6,7,NA,74,37,115,153
"802",54,"左營","2016-12-20",158,8,10,NA,87,36,143,158
"803",54,"左營","2016-12-21",142,7,9,NA,69,35,61,142
"804",54,"左營","2016-12-23",118,9,9,NA,61,27,118,98
"805",54,"左營","2016-12-22",135,7,8,NA,68,36,39,135
"806",54,"左營","2016-12-24",157,19,10,NA,100,33,100,157
"807",54,"左營","2016-12-25",121,11,8,NA,73,30,90,121
"808",54,"左營","2016-12-26",157,10,8,NA,85,27,71,157
"809",54,"左營","2016-12-28",82,6,8,NA,52,32,15,82
"810",54,"左營","2016-12-27",126,7,7,NA,90,23,24,126
"811",54,"左營","2016-12-29",79,6,6,NA,51,37,23,79
"812",54,"左營","2016-12-30",106,13,8,NA,67,36,40,106
"813",54,"左營","2016-12-31",139,10,9,NA,82,30,84,139
"814",54,"左營","2017-01-01",111,14,12,NA,80,38,101,111
"815",54,"左營","2017-01-02",156,6,7,NA,93,26,101,156
"816",54,"左營","2017-01-03",152,7,8,NA,86,38,104,152
"817",54,"左營","2017-01-04",149,10,8,NA,85,38,100,149
"818",54,"左營","2017-01-05",122,6,7,NA,68,27,51,122
"819",54,"左營","2017-01-06",152,13,8,NA,78,25,50,152
"820",54,"左營","2017-01-07",152,13,8,NA,78,40,74,152
"821",54,"左營","2017-01-08",109,6,6,NA,62,25,84,109
"822",54,"左營","2017-01-09",128,11,11,NA,87,33,80,128
"823",54,"左營","2017-01-10",147,11,11,NA,87,34,100,147
"824",54,"左營","2017-01-11",156,10,10,NA,95,32,129,156
"825",54,"左營","2017-01-12",125,10,8,NA,81,26,80,125
"826",54,"左營","2017-01-13",143,9,10,NA,77,41,47,143
"827",54,"左營","2017-01-14",109,9,9,NA,56,34,32,109
"828",54,"左營","2017-01-15",132,7,8,NA,68,26,44,132
"829",54,"左營","2017-01-16",74,10,6,NA,57,37,42,74
"830",54,"左營","2017-01-17",102,11,7,NA,71,38,54,102
"831",54,"左營","2017-01-18",107,6,6,NA,71,30,90,107
"832",54,"左營","2017-01-19",107,7,7,NA,65,32,64,107
"833",54,"左營","2017-01-20",132,6,9,NA,86,33,45,132
"834",54,"左營","2017-01-21",139,6,8,NA,86,27,42,139
"835",54,"左營","2017-01-22",108,7,6,NA,82,25,58,108
"836",54,"左營","2017-01-23",141,13,9,NA,96,37,90,141
"837",54,"左營","2017-01-24",147,11,10,NA,98,38,54,147
"838",54,"左營","2017-01-25",112,9,7,NA,74,30,48,112
"839",54,"左營","2017-01-26",98,6,6,NA,66,32,97,98
"840",54,"左營","2017-01-27",110,6,7,NA,73,28,74,110
"841",54,"左營","2017-01-28",100,10,7,NA,64,31,100,96
"842",54,"左營","2017-01-29",115,13,6,NA,62,23,97,115
"843",54,"左營","2017-01-30",124,23,7,NA,84,26,97,124
"844",54,"左營","2017-01-31",81,6,6,NA,59,26,44,81
"845",54,"左營","2017-02-01",75,6,6,NA,66,23,40,75
"846",54,"左營","2017-02-02",80,7,7,NA,69,31,54,80
"847",54,"左營","2017-02-03",120,9,9,NA,78,33,77,120
"848",54,"左營","2017-02-04",143,10,8,NA,91,36,37,143
"849",54,"左營","2017-02-05",140,6,8,NA,78,35,37,140
"850",20,"平鎮","2017-02-05",70,7,7,NA,47,25,33,70
"851",20,"平鎮","2017-02-04",62,6,5,NA,51,28,30,62
"852",20,"平鎮","2017-02-03",39,6,6,NA,25,30,39,34
"853",20,"平鎮","2017-02-02",42,9,6,NA,31,17,36,42
"854",20,"平鎮","2017-02-01",32,10,3,NA,27,13,32,17
"855",20,"平鎮","2017-01-31",38,4,3,NA,20,10,38,31
"856",20,"平鎮","2017-01-30",62,6,5,NA,40,32,31,62
"857",20,"平鎮","2017-01-29",89,6,6,NA,53,36,43,89
"858",20,"平鎮","2017-01-28",44,3,5,NA,36,31,44,43
"859",20,"平鎮","2017-01-27",72,9,8,NA,41,27,44,72
"860",20,"平鎮","2017-01-26",43,3,5,NA,40,17,43,41
"861",20,"平鎮","2017-01-25",42,6,5,NA,36,21,35,42
"862",20,"平鎮","2017-01-24",38,6,5,NA,29,17,38,33
"863",20,"平鎮","2017-01-23",59,4,5,NA,54,15,43,59
"864",20,"平鎮","2017-01-22",62,7,5,NA,44,21,51,62
"865",20,"平鎮","2017-01-21",54,6,7,NA,54,38,36,53
"866",20,"平鎮","2017-01-20",60,6,7,NA,48,24,33,60
"867",20,"平鎮","2017-01-19",27,3,5,NA,26,24,27,26
"868",20,"平鎮","2017-01-18",45,7,6,NA,44,35,29,45
"869",20,"平鎮","2017-01-17",37,13,9,NA,29,37,36,31
"870",20,"平鎮","2017-01-16",31,7,5,NA,24,18,31,22
"871",20,"平鎮","2017-01-15",36,9,3,NA,19,16,36,23
"872",20,"平鎮","2017-01-14",67,7,7,NA,38,21,35,67
"873",20,"平鎮","2017-01-13",31,4,8,NA,18,31,29,28
"874",20,"平鎮","2017-01-12",35,9,6,NA,33,25,28,35
"875",20,"平鎮","2017-01-11",73,10,6,NA,47,22,39,73
"876",20,"平鎮","2017-01-10",82,7,7,NA,49,35,38,82
"877",20,"平鎮","2017-01-09",62,10,8,NA,39,25,34,62
"878",20,"平鎮","2017-01-08",45,9,7,NA,34,25,25,45
"879",20,"平鎮","2017-01-07",70,9,7,NA,50,30,34,70
"880",20,"平鎮","2017-01-06",97,10,6,NA,59,31,32,97
"881",20,"平鎮","2017-01-05",105,7,7,NA,61,41,35,105
"882",20,"平鎮","2017-01-04",44,9,6,NA,31,32,37,44
"883",20,"平鎮","2017-01-03",32,9,5,NA,28,25,31,32
"884",20,"平鎮","2017-01-02",63,9,6,NA,44,41,37,63
"885",20,"平鎮","2017-01-01",43,9,9,NA,31,36,42,43
"886",20,"平鎮","2016-12-31",37,6,5,NA,24,27,37,30
"887",20,"平鎮","2016-12-30",52,6,6,NA,35,17,36,52
"888",20,"平鎮","2016-12-28",31,6,5,NA,21,28,31,26
"889",20,"平鎮","2016-12-29",32,6,5,NA,32,25,31,30
"890",20,"平鎮","2016-12-26",97,10,7,NA,59,32,42,97
"891",20,"平鎮","2016-12-27",46,9,6,NA,34,27,25,46
"892",20,"平鎮","2016-12-25",45,6,7,NA,34,34,45,37
"893",20,"平鎮","2016-12-24",52,4,5,NA,48,17,44,52
"894",20,"平鎮","2016-12-22",35,11,8,NA,NA,35,19,NA
"895",20,"平鎮","2016-12-23",90,11,7,NA,63,15,45,90
"896",20,"平鎮","2016-12-21",86,13,9,NA,63,42,67,86
"897",20,"平鎮","2016-12-20",52,5,11,NA,37,39,31,52
"898",20,"平鎮","2016-12-19",92,6,12,NA,55,61,54,92
"899",20,"平鎮","2016-12-18",55,5,11,NA,34,47,44,55
"900",70,"永和","2016-12-18",39,3,14,NA,18,39,NA,28
"901",70,"永和","2016-12-19",43,4,18,NA,19,43,NA,34
"902",70,"永和","2016-12-20",30,1,10,NA,10,30,NA,13
"903",70,"永和","2016-12-22",59,9,18,NA,31,40,NA,59
"904",70,"永和","2016-12-21",64,9,16,NA,39,51,NA,64
"905",70,"永和","2016-12-23",106,9,9,NA,57,24,NA,106
"906",70,"永和","2016-12-24",58,3,6,NA,39,19,NA,58
"907",70,"永和","2016-12-26",77,10,24,NA,44,56,NA,77
"908",70,"永和","2016-12-25",32,3,6,NA,21,18,NA,32
"909",70,"永和","2016-12-28",21,6,6,NA,15,21,NA,21
"910",70,"永和","2016-12-27",44,4,9,NA,21,24,NA,44
"911",70,"永和","2016-12-29",33,6,7,NA,24,25,NA,33
"912",70,"永和","2016-12-30",48,4,6,NA,31,18,NA,48
"913",70,"永和","2016-12-31",23,3,7,NA,13,20,NA,23
"914",70,"永和","2017-01-01",28,3,7,NA,12,28,NA,28
"915",70,"永和","2017-01-02",63,7,11,NA,27,37,NA,63
"916",70,"永和","2017-01-03",36,3,8,NA,19,27,NA,36
"917",70,"永和","2017-01-04",26,4,8,NA,13,26,NA,25
"918",70,"永和","2017-01-05",113,11,25,NA,53,72,NA,113
"919",70,"永和","2017-01-06",111,11,15,NA,54,40,NA,111
"920",70,"永和","2017-01-07",87,7,18,NA,44,44,NA,87
"921",70,"永和","2017-01-08",64,6,12,NA,30,32,NA,64
"922",70,"永和","2017-01-09",79,6,10,NA,39,22,NA,79
"923",70,"永和","2017-01-11",81,11,8,NA,39,23,NA,81
"924",70,"永和","2017-01-10",93,4,8,NA,42,25,NA,93
"925",70,"永和","2017-01-12",44,11,10,NA,20,29,NA,44
"926",70,"永和","2017-01-13",49,11,12,NA,15,29,NA,49
"927",70,"永和","2017-01-14",80,6,8,NA,38,23,NA,80
"928",70,"永和","2017-01-15",20,13,5,NA,12,20,NA,19
"929",70,"永和","2017-01-16",23,7,7,NA,15,23,NA,17
"930",70,"永和","2017-01-17",37,6,11,NA,17,37,NA,23
"931",70,"永和","2017-01-18",59,10,20,NA,34,51,NA,59
"932",70,"永和","2017-01-19",34,4,17,NA,20,34,NA,32
"933",70,"永和","2017-01-20",64,4,14,NA,39,33,NA,64
"934",70,"永和","2017-01-21",47,6,8,NA,31,30,NA,47
"935",70,"永和","2017-01-22",63,6,6,NA,40,25,NA,63
"936",70,"永和","2017-01-23",62,4,6,NA,44,18,NA,62
"937",70,"永和","2017-01-24",28,9,6,NA,20,23,NA,28
"938",70,"永和","2017-01-25",35,6,8,NA,19,27,NA,35
"939",70,"永和","2017-01-26",44,7,6,NA,28,23,NA,44
"940",70,"永和","2017-01-27",37,10,9,NA,22,30,NA,37
"941",70,"永和","2017-01-28",44,6,9,NA,18,28,NA,44
"942",70,"永和","2017-01-29",108,11,16,NA,45,44,NA,108
"943",70,"永和","2017-01-30",66,3,8,NA,26,28,NA,66
"944",70,"永和","2017-01-31",20,4,3,NA,16,9,NA,20
"945",70,"永和","2017-02-01",29,7,5,NA,16,12,NA,29
"946",70,"永和","2017-02-02",53,9,8,NA,27,22,NA,53
"947",70,"永和","2017-02-03",34,4,9,NA,18,34,NA,27
"948",70,"永和","2017-02-04",76,6,19,NA,41,46,NA,76
"949",70,"永和","2017-02-05",89,51,10,NA,52,31,NA,89
"950",45,"安南","2017-02-05",111,4,6,NA,71,23,35,111
"951",45,"安南","2017-02-04",89,7,5,NA,77,24,28,89
"952",45,"安南","2017-02-03",79,6,7,NA,63,21,49,79
"953",45,"安南","2017-02-02",66,4,5,NA,63,14,43,66
"954",45,"安南","2017-02-01",57,6,3,NA,57,13,35,53
"955",45,"安南","2017-01-31",58,4,5,NA,57,12,40,58
"956",45,"安南","2017-01-30",99,6,5,NA,74,14,49,99
"957",45,"安南","2017-01-29",108,7,5,NA,66,16,58,108
"958",45,"安南","2017-01-28",91,7,6,NA,60,20,61,91
"959",45,"安南","2017-01-27",82,7,6,NA,64,24,50,82
"960",45,"安南","2017-01-26",68,6,3,NA,57,14,61,68
"961",45,"安南","2017-01-25",59,9,5,NA,59,25,38,57
"962",45,"安南","2017-01-24",92,9,7,NA,76,26,46,92
"963",45,"安南","2017-01-23",112,9,6,NA,79,23,61,112
"964",45,"安南","2017-01-22",77,7,5,NA,71,19,50,77
"965",45,"安南","2017-01-21",101,7,5,NA,71,25,38,101
"966",45,"安南","2017-01-20",88,6,7,NA,78,22,39,88
"967",45,"安南","2017-01-19",86,7,6,NA,59,24,45,86
"968",45,"安南","2017-01-18",70,3,5,NA,59,20,44,70
"969",45,"安南","2017-01-17",68,10,7,NA,59,25,44,68
"970",45,"安南","2017-01-16",53,7,5,NA,47,25,32,53
"971",45,"安南","2017-01-15",86,7,6,NA,54,21,38,86
"972",45,"安南","2017-01-14",84,9,7,NA,44,21,31,84
"973",45,"安南","2017-01-13",95,9,8,NA,64,28,34,95
"974",45,"安南","2017-01-12",103,7,6,NA,69,23,48,103
"975",45,"安南","2017-01-10",112,7,8,NA,74,30,50,112
"976",45,"安南","2017-01-11",124,7,8,NA,75,32,77,124
"977",45,"安南","2017-01-09",78,7,8,NA,71,26,47,78
"978",45,"安南","2017-01-08",113,6,7,NA,68,27,54,113
"979",45,"安南","2017-01-07",135,7,6,NA,77,31,48,135
"980",45,"安南","2017-01-06",151,6,7,NA,85,26,44,151
"981",45,"安南","2017-01-05",104,7,6,NA,65,27,44,104
"982",45,"安南","2017-01-04",109,11,6,NA,71,25,74,109
"983",45,"安南","2017-01-03",118,6,7,NA,84,25,47,118
"984",45,"安南","2017-01-02",136,4,5,NA,82,17,54,136
"985",45,"安南","2017-01-01",93,7,7,NA,63,21,93,88
"986",45,"安南","2016-12-31",93,11,8,NA,58,34,44,93
"987",45,"安南","2016-12-30",80,6,6,NA,55,24,36,80
"988",45,"安南","2016-12-28",46,4,6,NA,34,30,20,46
"989",45,"安南","2016-12-29",45,6,5,NA,41,25,31,45
"990",45,"安南","2016-12-26",127,4,6,NA,74,28,46,127
"991",45,"安南","2016-12-27",103,4,6,NA,103,21,22,90
"992",45,"安南","2016-12-25",87,9,6,NA,62,26,87,87
"993",45,"安南","2016-12-24",144,11,9,NA,85,36,74,144
"994",45,"安南","2016-12-22",93,4,6,NA,78,25,31,93
"995",45,"安南","2016-12-23",105,7,8,NA,78,35,71,105
"996",45,"安南","2016-12-20",151,4,6,NA,82,26,64,151
"997",45,"安南","2016-12-21",131,11,7,NA,76,28,44,131
"998",45,"安南","2016-12-19",130,5,7,NA,71,30,46,130
"999",45,"安南","2016-12-18",133,6,8,NA,71,40,93,133
